{
 "SoundBanksInfo": {
  "Platform": "Windows",
  "BasePlatform": "Windows",
  "SchemaVersion": "11",
  "SoundbankVersion": "134",
  "RootPaths": {
   "ProjectRoot": "C:\\Users\\W10\\Documents\\GitHub\\The-Witcher-Ties-of-Destiny\\Wwise-The-Witcher-Project\\",
   "SourceFilesRoot": "C:\\Users\\W10\\Documents\\GitHub\\The-Witcher-Ties-of-Destiny\\Wwise-The-Witcher-Project\\.cache\\Windows\\",
   "SoundBanksRoot": "C:\\Users\\W10\\Documents\\GitHub\\The-Witcher-Ties-of-Destiny\\Assets\\Sounds\\",
   "ExternalSourcesInputFile": "",
   "ExternalSourcesOutputRoot": "C:\\Users\\W10\\Documents\\GitHub\\The-Witcher-Ties-of-Destiny\\Wwise-The-Witcher-Project\\GeneratedSoundBanks\\Windows"
  },
  "SoundBanks": [
   {
    "Id": "1355168291",
    "GUID": "{701ECBBD-9C7B-4030-8CDB-749EE5D1C7B9}",
    "Language": "SFX",
    "ObjectPath": "Init",
    "ShortName": "Init",
    "Path": "Init.bnk"
   }
  ]
 }
}