<?xml version="1.0" encoding="utf-8"?>
<SoundBanksInfo Platform="Windows" BasePlatform="Windows" SchemaVersion="11" SoundbankVersion="134">
	<RootPaths>
		<ProjectRoot>C:\Users\W10\Documents\GitHub\The-Witcher-Ties-of-Destiny\Wwise-The-Witcher-Project\</ProjectRoot>
		<SourceFilesRoot>C:\Users\W10\Documents\GitHub\The-Witcher-Ties-of-Destiny\Wwise-The-Witcher-Project\.cache\Windows\</SourceFilesRoot>
		<SoundBanksRoot>C:\Users\W10\Documents\GitHub\The-Witcher-Ties-of-Destiny\Assets\Sounds\</SoundBanksRoot>
		<ExternalSourcesInputFile></ExternalSourcesInputFile>
		<ExternalSourcesOutputRoot>C:\Users\W10\Documents\GitHub\The-Witcher-Ties-of-Destiny\Wwise-The-Witcher-Project\GeneratedSoundBanks\Windows</ExternalSourcesOutputRoot>
	</RootPaths>
	<SoundBanks>
		<SoundBank Id="1355168291" GUID="{701ECBBD-9C7B-4030-8CDB-749EE5D1C7B9}" Language="SFX">
			<ObjectPath>Init</ObjectPath>
			<ShortName>Init</ShortName>
			<Path>Init.bnk</Path>
		</SoundBank>
	</SoundBanks>
</SoundBanksInfo>
