{
 "SoundBanksInfo": {
  "Platform": "Windows",
  "BasePlatform": "Windows",
  "SchemaVersion": "11",
  "SoundbankVersion": "134",
  "RootPaths": {
   "ProjectRoot": "C:\\Users\\Jacobo_G\\Desktop\\wwiseProject\\",
   "SourceFilesRoot": "C:\\Users\\Jacobo_G\\Desktop\\wwiseProject\\.cache\\Windows\\",
   "SoundBanksRoot": "C:\\Users\\Jacobo_G\\Documents\\GitHub\\Broken-Engine\\Broken Engine\\Game\\Assets\\Sounds\\",
   "ExternalSourcesInputFile": "",
   "ExternalSourcesOutputRoot": "C:\\Users\\Jacobo_G\\Desktop\\wwiseProject\\GeneratedSoundBanks\\Windows"
  },
  "SoundBanks": [
   {
    "Id": "1355168291",
    "GUID": "{701ECBBD-9C7B-4030-8CDB-749EE5D1C7B9}",
    "Language": "SFX",
    "ObjectPath": "Init",
    "ShortName": "Init",
    "Path": "Init.bnk"
   }
  ]
 }
}