<?xml version="1.0" encoding="utf-8"?>
<SoundBanksInfo Platform="Windows" BasePlatform="Windows" SchemaVersion="11" SoundbankVersion="134">
	<RootPaths>
		<ProjectRoot>C:\Users\Jacobo_G\Documents\GitHub\The-Witcher-Ties-of-Destiny\TheWitcherWwiseProject\</ProjectRoot>
		<SourceFilesRoot>C:\Users\Jacobo_G\Documents\GitHub\The-Witcher-Ties-of-Destiny\TheWitcherWwiseProject\.cache\Windows\</SourceFilesRoot>
		<SoundBanksRoot>C:\Users\Jacobo_G\Documents\GitHub\The-Witcher-Ties-of-Destiny\Scene Setups\Geralt_Jaskier_Cutscene(0.3.5)\Assets\Sounds\</SoundBanksRoot>
		<ExternalSourcesInputFile></ExternalSourcesInputFile>
		<ExternalSourcesOutputRoot>C:\Users\Jacobo_G\Documents\GitHub\The-Witcher-Ties-of-Destiny\TheWitcherWwiseProject\GeneratedSoundBanks\Windows</ExternalSourcesOutputRoot>
	</RootPaths>
	<DialogueEvents/>
	<StreamedFiles/>
	<MediaFilesNotInAnyBank/>
	<SoundBanks>
		<SoundBank Id="1355168291" GUID="{701ECBBD-9C7B-4030-8CDB-749EE5D1C7B9}" Language="SFX">
			<ObjectPath>Init</ObjectPath>
			<ShortName>Init</ShortName>
			<Path>Init.bnk</Path>
		</SoundBank>
		<SoundBank Id="3161908922" GUID="{7E56009F-39DC-403F-A837-676328EB459F}" Language="SFX">
			<ObjectPath>\SoundBanks\Default Work Unit\Main</ObjectPath>
			<ShortName>Main</ShortName>
			<Path>Main.bnk</Path>
			<IncludedEvents>
				<Event Id="1051186882" Name="aard_fx" ObjectPath="\Events\Default Work Unit\aard_fx" GUID="{4EF8B959-4D44-41F5-B363-05E27D0631E8}"/>
				<Event Id="2754677910" Name="Attack_1_fx" ObjectPath="\Events\Default Work Unit\Attack_1_fx" GUID="{2FAE3363-0EE0-4B85-B13D-4B1C9128301F}"/>
				<Event Id="45795671" Name="Attack_2_fx" ObjectPath="\Events\Default Work Unit\Attack_2_fx" GUID="{4F1EDD6A-14B2-47E1-8BFD-2BCC1F743571}"/>
				<Event Id="1575009436" Name="Attack_3_fx" ObjectPath="\Events\Default Work Unit\Attack_3_fx" GUID="{B38BB2F0-F6ED-41E3-81FA-8183AF2706F9}"/>
				<Event Id="3192225309" Name="Attack_4_fx" ObjectPath="\Events\Default Work Unit\Attack_4_fx" GUID="{E81FA50C-13B8-4333-BA6D-1D7694F86C47}"/>
				<Event Id="1489897058" Name="Attack_5_fx" ObjectPath="\Events\Default Work Unit\Attack_5_fx" GUID="{23532AEB-A73B-4292-9E37-FFC508A33E1C}"/>
				<Event Id="4255475438" Name="Death_fx" ObjectPath="\Events\Default Work Unit\Death_fx" GUID="{2C6529CE-B054-4633-84F3-476DDC57D94A}"/>
				<Event Id="1097011121" Name="Evade_fx" ObjectPath="\Events\Default Work Unit\Evade_fx" GUID="{BC565469-DC4E-4399-B748-5AE4A3AC3398}"/>
				<Event Id="4152204327" Name="lvl1_Conversation_Cutscene" ObjectPath="\Events\Default Work Unit\lvl1_Conversation_Cutscene" GUID="{55FDDC48-C621-4221-B257-7D4FBF5C2FBB}"/>
				<Event Id="2316188209" Name="Potion_fx" ObjectPath="\Events\Default Work Unit\Potion_fx" GUID="{F129DB6B-4FEF-4092-88FB-8DDB04722F20}"/>
				<Event Id="3147007681" Name="Run_fx" ObjectPath="\Events\Default Work Unit\Run_fx" GUID="{1BA1C9E4-6A85-49A8-A469-A173E309C256}"/>
				<Event Id="2134787434" Name="SilverforMonsters_Music" ObjectPath="\Events\Default Work Unit\SilverforMonsters_Music" GUID="{6006D740-FD07-48EB-938C-4FA743514DE7}"/>
				<Event Id="530668550" Name="Spikeroog_Music" ObjectPath="\Events\Default Work Unit\Spikeroog_Music" GUID="{4DC56DC1-A41F-493D-A200-8CF7C842C5D8}"/>
				<Event Id="1003888003" Name="Walk_fx" ObjectPath="\Events\Default Work Unit\Walk_fx" GUID="{903105D2-1EA3-45D8-A7AA-47E44527BA59}"/>
			</IncludedEvents>
			<IncludedMemoryFiles>
				<File Id="30379113" Language="SFX">
					<ShortName>attack_5_fx.wav</ShortName>
					<Path>SFX\attack_5_fx_10C4C929.wem</Path>
				</File>
				<File Id="195997433" Language="SFX">
					<ShortName>Silver for Monsters_Music.wav</ShortName>
					<Path>SFX\Silver for Monsters_Music_10C4C929.wem</Path>
				</File>
				<File Id="208763139" Language="SFX">
					<ShortName>Spikeroog_Music.wav</ShortName>
					<Path>SFX\Spikeroog_Music_10C4C929.wem</Path>
				</File>
				<File Id="265685174" Language="SFX">
					<ShortName>attack_3_fx.wav</ShortName>
					<Path>SFX\attack_3_fx_10C4C929.wem</Path>
				</File>
				<File Id="357394399" Language="SFX">
					<ShortName>run_fx.wav</ShortName>
					<Path>SFX\run_fx_10C4C929.wem</Path>
				</File>
				<File Id="430465383" Language="SFX">
					<ShortName>evade_fx.wav</ShortName>
					<Path>SFX\evade_fx_10C4C929.wem</Path>
				</File>
				<File Id="458069785" Language="SFX">
					<ShortName>attack_2_fx.wav</ShortName>
					<Path>SFX\attack_2_fx_10C4C929.wem</Path>
				</File>
				<File Id="592734679" Language="SFX">
					<ShortName>aard_fx.wav</ShortName>
					<Path>SFX\aard_fx_10C4C929.wem</Path>
				</File>
				<File Id="603566300" Language="SFX">
					<ShortName>potion_fx.wav</ShortName>
					<Path>SFX\potion_fx_10C4C929.wem</Path>
				</File>
				<File Id="605481814" Language="SFX">
					<ShortName>death_fx.wav</ShortName>
					<Path>SFX\death_fx_10C4C929.wem</Path>
				</File>
				<File Id="795526941" Language="SFX">
					<ShortName>attack_4_fx.wav</ShortName>
					<Path>SFX\attack_4_fx_10C4C929.wem</Path>
				</File>
				<File Id="879970740" Language="SFX">
					<ShortName>walk_fx.wav</ShortName>
					<Path>SFX\walk_fx_10C4C929.wem</Path>
				</File>
				<File Id="890701984" Language="SFX">
					<ShortName>attack_1_fx.wav</ShortName>
					<Path>SFX\attack_1_fx_10C4C929.wem</Path>
				</File>
				<File Id="925253758" Language="SFX">
					<ShortName>lvl1_Intro_conversation_Cutscene.wav</ShortName>
					<Path>SFX\lvl1_Intro_conversation_Cutscene_10C4C929.wem</Path>
				</File>
			</IncludedMemoryFiles>
		</SoundBank>
	</SoundBanks>
</SoundBanksInfo>
